,Index,company_size,sought_treatment,living_country,living_state,working_country,working_state,sought_treatment_prop_state
0,2,45102,1,United States of America,Illinois,United States of America,Illinois,0.6964285714285714
1,5,45102,1,United States of America,Illinois,United States of America,Illinois,0.6964285714285714
2,7,26-100,0,United States of America,Tennessee,United States of America,Tennessee,0.5925925925925926
3,8,More than 1000,1,United States of America,Virginia,United States of America,Virginia,0.7333333333333333
4,9,26-100,1,United States of America,California,United States of America,California,0.7153846153846154
5,10,,1,United States of America,Kentucky,United States of America,Kentucky,1.0
6,11,26-100,1,United States of America,Oregon,United States of America,Oregon,0.6756756756756757
7,12,100-500,1,United States of America,Pennsylvania,United States of America,Pennsylvania,0.7575757575757576
8,13,100-500,1,United States of America,New Jersey,United States of America,New Jersey,0.8571428571428571
9,15,100-500,1,United States of America,Georgia,United States of America,Georgia,0.5714285714285714
10,16,100-500,1,United States of America,Oregon,United States of America,Oregon,0.6756756756756757
11,19,,1,United States of America,Washington,United States of America,Washington,0.6511627906976745
12,20,100-500,1,United States of America,New Jersey,United States of America,New York,0.8571428571428571
13,21,45102,0,United States of America,New York,United States of America,New York,0.6666666666666666
14,22,More than 1000,0,United States of America,Indiana,United States of America,Indiana,0.64
15,25,,0,United States of America,New York,United States of America,New York,0.6666666666666666
16,32,100-500,1,United States of America,New York,United States of America,New York,0.6666666666666666
17,33,More than 1000,0,United States of America,Minnesota,United States of America,Minnesota,0.5952380952380952
18,37,26-100,1,United States of America,Washington,United States of America,Washington,0.6511627906976745
19,41,,0,United States of America,Georgia,United States of America,Georgia,0.5714285714285714
20,42,100-500,1,United States of America,Minnesota,United States of America,Minnesota,0.5952380952380952
21,45,More than 1000,0,United States of America,Georgia,United States of America,Georgia,0.5714285714285714
22,46,45102,1,United States of America,Kentucky,United States of America,Kentucky,1.0
23,47,,1,United States of America,West Virginia,United States of America,Ohio,0.5
24,48,45102,0,United States of America,Virginia,United States of America,Virginia,0.7333333333333333
25,50,45102,1,United States of America,California,United States of America,California,0.7153846153846154
26,52,45102,0,United States of America,California,United States of America,California,0.7153846153846154
27,54,More than 1000,1,United States of America,California,United States of America,California,0.7153846153846154
28,55,500-1000,1,United States of America,Florida,United States of America,Florida,0.5714285714285714
29,56,More than 1000,0,United States of America,Massachusetts,United States of America,Massachusetts,0.5217391304347826
30,57,26-100,1,United States of America,Oregon,United States of America,Oregon,0.6756756756756757
31,59,45102,0,United States of America,North Dakota,United States of America,North Dakota,0.5
32,60,100-500,0,United States of America,Tennessee,United States of America,Tennessee,0.5925925925925926
33,63,26-100,0,United States of America,New York,United States of America,New York,0.6666666666666666
34,67,45102,1,United States of America,Indiana,United States of America,Indiana,0.64
35,68,More than 1000,1,United States of America,Texas,United States of America,Texas,0.7209302325581395
36,69,100-500,0,United States of America,New York,United States of America,New York,0.6666666666666666
37,73,45102,0,United States of America,Texas,United States of America,Texas,0.7209302325581395
38,75,26-100,0,United States of America,Tennessee,United States of America,Tennessee,0.5925925925925926
39,79,26-100,0,United States of America,Maryland,United States of America,District of Columbia,0.625
40,80,26-100,1,United States of America,Wisconsin,United States of America,Tennessee,0.7692307692307693
41,84,26-100,0,United States of America,Illinois,United States of America,Illinois,0.6964285714285714
42,86,45102,0,United States of America,Michigan,United States of America,Michigan,0.6458333333333334
43,89,,1,United States of America,Texas,United States of America,Texas,0.7209302325581395
44,90,26-100,1,United States of America,Illinois,United States of America,Illinois,0.6964285714285714
45,92,More than 1000,1,United States of America,Washington,United States of America,Washington,0.6511627906976745
46,95,45102,1,United States of America,North Dakota,United States of America,North Dakota,0.5
47,96,100-500,1,United States of America,California,United States of America,California,0.7153846153846154
48,97,26-100,0,United States of America,Vermont,United States of America,Vermont,0.6
49,98,26-100,0,United States of America,Illinois,United States of America,Illinois,0.6964285714285714
50,100,100-500,1,United States of America,California,United States of America,California,0.7153846153846154
51,101,500-1000,0,United States of America,Washington,United States of America,Washington,0.6511627906976745
52,102,100-500,1,United States of America,Pennsylvania,United States of America,Pennsylvania,0.7575757575757576
53,103,45102,0,United States of America,North Carolina,United States of America,North Carolina,0.8571428571428571
54,104,26-100,0,United States of America,Illinois,United States of America,Illinois,0.6964285714285714
55,106,,1,United States of America,Indiana,United States of America,Indiana,0.64
56,107,26-100,1,United States of America,North Carolina,United States of America,North Carolina,0.8571428571428571
57,108,More than 1000,1,United States of America,New York,United States of America,New York,0.6666666666666666
58,109,45102,1,United States of America,North Carolina,United States of America,North Carolina,0.8571428571428571
59,111,100-500,0,United States of America,Indiana,United States of America,Missouri,0.64
60,112,26-100,1,United States of America,California,United States of America,California,0.7153846153846154
61,113,More than 1000,0,United States of America,Kansas,United States of America,Kansas,0.35714285714285715
62,116,26-100,0,United States of America,Indiana,United States of America,Indiana,0.64
63,117,26-100,1,United States of America,Tennessee,United States of America,Tennessee,0.5925925925925926
64,118,26-100,1,United States of America,Minnesota,United States of America,Minnesota,0.5952380952380952
65,119,100-500,1,United States of America,District of Columbia,United States of America,District of Columbia,1.0
66,120,45102,1,United States of America,Tennessee,United States of America,Tennessee,0.5925925925925926
67,122,26-100,0,United States of America,Illinois,United States of America,Illinois,0.6964285714285714
68,125,,1,United States of America,Washington,United States of America,Washington,0.6511627906976745
69,126,,1,United States of America,Nevada,United States of America,Nevada,0.3333333333333333
70,127,44931,1,United States of America,Indiana,United States of America,Indiana,0.64
71,130,26-100,0,United States of America,Illinois,United States of America,Illinois,0.6964285714285714
72,131,More than 1000,1,United States of America,Georgia,United States of America,Georgia,0.5714285714285714
73,132,45102,1,United States of America,Oregon,United States of America,Oregon,0.6756756756756757
74,133,500-1000,1,United States of America,Utah,United States of America,Utah,0.6666666666666666
75,134,More than 1000,1,United States of America,Tennessee,United States of America,Tennessee,0.5925925925925926
76,135,More than 1000,0,United States of America,Connecticut,United States of America,Connecticut,0.8
77,136,More than 1000,0,United States of America,Tennessee,United States of America,Tennessee,0.5925925925925926
78,137,26-100,1,United States of America,Virginia,United States of America,Virginia,0.7333333333333333
79,138,26-100,0,United States of America,Florida,United States of America,Florida,0.5714285714285714
80,139,100-500,1,United States of America,New York,United States of America,New York,0.6666666666666666
81,140,100-500,1,United States of America,California,United States of America,California,0.7153846153846154
82,142,26-100,0,United States of America,Illinois,United States of America,Illinois,0.6964285714285714
83,143,500-1000,1,United States of America,Maryland,United States of America,Maryland,0.625
84,145,26-100,1,United States of America,Washington,United States of America,Washington,0.6511627906976745
85,147,26-100,1,United States of America,Indiana,United States of America,Indiana,0.64
86,148,45102,1,United States of America,Oregon,United States of America,Oregon,0.6756756756756757
87,150,More than 1000,0,United States of America,Michigan,United States of America,Michigan,0.6458333333333334
88,151,More than 1000,1,United States of America,Illinois,United States of America,Illinois,0.6964285714285714
89,152,,0,United States of America,Colorado,United States of America,Colorado,0.6428571428571429
90,153,,1,United States of America,Michigan,United States of America,Michigan,0.6458333333333334
91,154,100-500,1,United States of America,Illinois,United States of America,New York,0.6964285714285714
92,155,,1,United States of America,Minnesota,United States of America,Minnesota,0.5952380952380952
93,156,26-100,0,United States of America,Oregon,United States of America,Oregon,0.6756756756756757
94,157,100-500,0,United States of America,California,United States of America,California,0.7153846153846154
95,158,26-100,1,United States of America,California,United States of America,California,0.7153846153846154
96,160,500-1000,0,United States of America,Indiana,United States of America,Indiana,0.64
97,161,45102,1,United States of America,California,United States of America,California,0.7153846153846154
98,162,More than 1000,1,United States of America,Ohio,United States of America,Ohio,0.52
99,163,100-500,0,United States of America,California,United States of America,California,0.7153846153846154
100,164,More than 1000,1,United States of America,California,United States of America,California,0.7153846153846154
101,165,More than 1000,0,United States of America,California,United States of America,California,0.7153846153846154
102,172,100-500,0,United States of America,Florida,United States of America,Florida,0.5714285714285714
103,173,45102,1,United States of America,North Carolina,United States of America,North Carolina,0.8571428571428571
104,174,More than 1000,0,United States of America,Ohio,United States of America,Ohio,0.52
105,175,45102,1,United States of America,Oregon,United States of America,Oregon,0.6756756756756757
106,176,26-100,0,United States of America,Illinois,United States of America,Illinois,0.6964285714285714
107,177,26-100,1,United States of America,Oregon,United States of America,Oregon,0.6756756756756757
108,178,26-100,1,United States of America,Illinois,United States of America,Illinois,0.6964285714285714
109,180,100-500,1,United States of America,Virginia,United States of America,California,0.7333333333333333
110,185,26-100,1,United States of America,Ohio,United States of America,Ohio,0.52
111,187,100-500,1,United States of America,Oregon,United States of America,California,0.6756756756756757
112,188,100-500,1,United States of America,California,United States of America,California,0.7153846153846154
113,189,More than 1000,1,United States of America,Iowa,United States of America,Iowa,0.8
114,190,500-1000,1,United States of America,California,United States of America,California,0.7153846153846154
115,191,500-1000,1,United States of America,Washington,United States of America,Washington,0.6511627906976745
116,195,More than 1000,1,United States of America,Connecticut,United States of America,Connecticut,0.8
117,199,500-1000,1,United States of America,California,United States of America,California,0.7153846153846154
118,200,More than 1000,1,United States of America,Ohio,United States of America,Ohio,0.52
119,201,100-500,1,United States of America,Texas,United States of America,Texas,0.7209302325581395
120,204,500-1000,1,United States of America,California,United States of America,California,0.7153846153846154
121,205,100-500,1,United States of America,Minnesota,United States of America,Minnesota,0.5952380952380952
122,208,26-100,1,United States of America,Colorado,United States of America,Colorado,0.6428571428571429
123,209,45102,1,United States of America,Indiana,United States of America,Indiana,0.64
124,212,100-500,1,United States of America,South Dakota,United States of America,South Dakota,0.5
125,216,45102,0,United States of America,Nevada,United States of America,Nevada,0.3333333333333333
126,217,500-1000,0,United States of America,California,United States of America,California,0.7153846153846154
127,223,100-500,0,United States of America,California,United States of America,California,0.7153846153846154
128,226,500-1000,1,United States of America,California,United States of America,Hawaii,0.7153846153846154
129,229,26-100,0,United States of America,Florida,United States of America,Florida,0.5714285714285714
130,230,100-500,1,United States of America,California,United States of America,California,0.7153846153846154
131,231,26-100,1,United States of America,California,United States of America,California,0.7153846153846154
132,232,More than 1000,1,United States of America,Nebraska,United States of America,Nebraska,0.5
133,234,500-1000,0,United States of America,Maine,United States of America,Maine,0.8
134,235,More than 1000,1,United States of America,Missouri,United States of America,Missouri,0.4166666666666667
135,236,26-100,0,United States of America,Arizona,United States of America,Arizona,0.2
136,239,,1,United States of America,California,United States of America,California,0.7153846153846154
137,242,45102,1,United States of America,Oklahoma,United States of America,Oklahoma,0.6153846153846154
138,246,45102,1,United States of America,New York,United States of America,New York,0.6666666666666666
139,248,45102,1,United States of America,Oregon,United States of America,Wisconsin,0.6756756756756757
140,249,More than 1000,0,United States of America,Arizona,United States of America,Arizona,0.2
141,250,500-1000,1,United States of America,California,United States of America,California,0.7153846153846154
142,251,More than 1000,1,United States of America,Washington,United Arab Emirates,,0.6511627906976745
143,253,26-100,1,United States of America,Michigan,United States of America,Michigan,0.6458333333333334
144,254,26-100,1,United States of America,Michigan,United States of America,Michigan,0.6458333333333334
145,255,,1,United States of America,Illinois,United States of America,Illinois,0.6964285714285714
146,257,26-100,1,United States of America,Michigan,United States of America,Michigan,0.6458333333333334
147,258,26-100,1,United States of America,Michigan,United States of America,Michigan,0.6458333333333334
148,259,500-1000,1,United States of America,California,United States of America,California,0.7153846153846154
149,260,26-100,1,United States of America,Michigan,United States of America,Michigan,0.6458333333333334
150,261,26-100,1,United States of America,Michigan,United States of America,Michigan,0.6458333333333334
151,262,26-100,0,United States of America,Michigan,United States of America,Michigan,0.6458333333333334
152,264,More than 1000,1,United States of America,Washington,United States of America,Washington,0.6511627906976745
153,265,100-500,0,United States of America,Texas,United States of America,Texas,0.7209302325581395
154,267,26-100,1,United States of America,Michigan,United States of America,Michigan,0.6458333333333334
155,268,26-100,1,United States of America,Michigan,United States of America,Michigan,0.6458333333333334
156,270,26-100,1,United States of America,Michigan,United States of America,Michigan,0.6458333333333334
157,272,26-100,1,United States of America,Michigan,United States of America,Michigan,0.6458333333333334
158,273,More than 1000,1,United States of America,Washington,United States of America,Washington,0.6511627906976745
159,274,26-100,0,United States of America,Michigan,United States of America,Michigan,0.6458333333333334
160,276,500-1000,1,United States of America,Michigan,United States of America,Michigan,0.6458333333333334
161,277,100-500,1,United States of America,Kansas,United States of America,Kansas,0.35714285714285715
162,278,More than 1000,1,United States of America,Washington,United States of America,Washington,0.6511627906976745
163,279,,1,United States of America,Washington,United States of America,Washington,0.6511627906976745
164,280,26-100,0,United States of America,California,United States of America,California,0.7153846153846154
165,281,More than 1000,1,United States of America,Florida,United States of America,Florida,0.5714285714285714
166,282,100-500,1,United States of America,California,United States of America,California,0.7153846153846154
167,283,45102,1,United States of America,California,United States of America,California,0.7153846153846154
168,286,100-500,0,United States of America,California,United States of America,California,0.7153846153846154
169,287,100-500,1,United States of America,Oregon,United States of America,Oregon,0.6756756756756757
170,288,500-1000,0,United States of America,California,United States of America,California,0.7153846153846154
171,289,45102,1,United States of America,Idaho,United States of America,Virginia,0.6666666666666666
172,295,100-500,1,United States of America,New York,United States of America,New Jersey,0.6666666666666666
173,314,45102,1,United States of America,Illinois,United States of America,Illinois,0.6964285714285714
174,316,,1,United States of America,Washington,United States of America,Washington,0.6511627906976745
175,317,26-100,0,United States of America,Indiana,United States of America,Indiana,0.64
176,318,26-100,1,United States of America,Minnesota,United States of America,Minnesota,0.5952380952380952
177,319,45102,1,United States of America,Indiana,United States of America,Indiana,0.64
178,320,100-500,1,United States of America,Vermont,United States of America,Vermont,0.6
179,330,26-100,0,United States of America,Indiana,United States of America,Indiana,0.64
180,332,26-100,1,United States of America,Illinois,United States of America,Illinois,0.6964285714285714
181,336,More than 1000,0,United States of America,New York,United States of America,New York,0.6666666666666666
182,337,26-100,1,United States of America,Michigan,United States of America,Michigan,0.6458333333333334
183,339,26-100,0,United States of America,Minnesota,United States of America,Minnesota,0.5952380952380952
184,341,,0,United States of America,New York,United States of America,New York,0.6666666666666666
185,342,26-100,1,United States of America,Virginia,United States of America,Virginia,0.7333333333333333
186,345,100-500,0,United States of America,Illinois,United States of America,Illinois,0.6964285714285714
187,346,More than 1000,1,United States of America,Texas,United States of America,Texas,0.7209302325581395
188,348,45102,0,United States of America,Rhode Island,United States of America,Rhode Island,0.6666666666666666
189,349,26-100,0,United States of America,Illinois,United States of America,Illinois,0.6964285714285714
190,350,100-500,1,United States of America,Illinois,United States of America,Illinois,0.6964285714285714
191,351,500-1000,0,United States of America,Pennsylvania,United States of America,Pennsylvania,0.7575757575757576
192,353,44931,1,United States of America,California,United States of America,California,0.7153846153846154
193,355,,1,United States of America,Oregon,United States of America,Oregon,0.6756756756756757
194,356,More than 1000,1,United States of America,Kansas,United States of America,Kansas,0.35714285714285715
195,357,100-500,0,United States of America,Illinois,United States of America,Illinois,0.6964285714285714
196,358,26-100,1,United States of America,Minnesota,United States of America,Minnesota,0.5952380952380952
197,359,100-500,1,United States of America,California,United States of America,California,0.7153846153846154
198,360,100-500,1,United States of America,Michigan,United States of America,California,0.6458333333333334
199,362,500-1000,1,United States of America,Oregon,United States of America,Oregon,0.6756756756756757
200,363,100-500,0,United States of America,Vermont,United States of America,Vermont,0.6
201,364,100-500,0,United States of America,Texas,United States of America,Texas,0.7209302325581395
202,365,100-500,0,United States of America,Maryland,United States of America,Maryland,0.625
203,366,100-500,0,United States of America,New York,United States of America,New York,0.6666666666666666
204,368,100-500,1,United States of America,California,United States of America,California,0.7153846153846154
205,369,45102,1,United States of America,New York,United States of America,New York,0.6666666666666666
206,370,26-100,1,United States of America,Pennsylvania,United States of America,Pennsylvania,0.7575757575757576
207,371,500-1000,0,United States of America,California,United States of America,California,0.7153846153846154
208,373,45102,1,United States of America,Michigan,United States of America,Michigan,0.6458333333333334
209,378,26-100,1,United States of America,California,United States of America,California,0.7153846153846154
210,379,,1,United States of America,Illinois,United States of America,Illinois,0.6964285714285714
211,382,More than 1000,1,United States of America,California,United States of America,California,0.7153846153846154
212,383,100-500,1,United States of America,California,United States of America,California,0.7153846153846154
213,384,26-100,1,United States of America,California,United States of America,California,0.7153846153846154
214,386,500-1000,1,United States of America,California,United States of America,California,0.7153846153846154
215,387,,0,United States of America,California,Turkey,,0.7153846153846154
216,388,,1,United States of America,New Jersey,United States of America,New Jersey,0.8571428571428571
217,389,More than 1000,1,United States of America,New York,United States of America,New York,0.6666666666666666
218,390,100-500,1,United States of America,Illinois,United States of America,Illinois,0.6964285714285714
219,391,100-500,0,United States of America,California,United States of America,California,0.7153846153846154
220,392,More than 1000,0,United States of America,Washington,United States of America,Washington,0.6511627906976745
221,393,100-500,1,United States of America,Florida,United States of America,Florida,0.5714285714285714
222,394,100-500,0,United States of America,California,United States of America,California,0.7153846153846154
223,395,500-1000,1,United States of America,New York,United States of America,New York,0.6666666666666666
224,399,500-1000,1,United States of America,California,United States of America,California,0.7153846153846154
225,400,,1,United States of America,California,United States of America,California,0.7153846153846154
226,401,100-500,0,United States of America,California,United States of America,California,0.7153846153846154
227,402,45102,1,United States of America,California,United States of America,California,0.7153846153846154
228,404,,1,United States of America,California,United States of America,California,0.7153846153846154
229,405,26-100,1,United States of America,Florida,United States of America,California,0.5714285714285714
230,407,,0,United States of America,California,United States of America,California,0.7153846153846154
231,408,100-500,1,United States of America,Minnesota,United States of America,Minnesota,0.5952380952380952
232,409,100-500,1,United States of America,Missouri,United States of America,California,0.4166666666666667
233,410,26-100,1,United States of America,Alabama,United States of America,Alabama,0.75
234,411,100-500,0,United States of America,California,United States of America,California,0.7153846153846154
235,412,More than 1000,1,United States of America,California,United States of America,California,0.7153846153846154
236,422,100-500,0,United States of America,California,United States of America,California,0.7153846153846154
237,423,100-500,1,United States of America,California,United States of America,California,0.7153846153846154
238,424,More than 1000,0,United States of America,Indiana,United States of America,Indiana,0.64
239,425,100-500,1,United States of America,California,United States of America,California,0.7153846153846154
240,426,26-100,0,United States of America,Colorado,United States of America,Colorado,0.6428571428571429
241,427,More than 1000,0,United States of America,California,United States of America,California,0.7153846153846154
242,429,,1,United States of America,Florida,United States of America,Indiana,0.5714285714285714
243,430,26-100,1,United States of America,California,United States of America,California,0.7153846153846154
244,434,,0,United States of America,California,United States of America,California,0.7153846153846154
245,439,26-100,1,United States of America,North Carolina,United States of America,North Carolina,0.8571428571428571
246,440,100-500,0,United States of America,California,United States of America,California,0.7153846153846154
247,441,100-500,1,United States of America,Iowa,United States of America,Iowa,0.8
248,443,,1,United States of America,Ohio,United States of America,Ohio,0.52
249,444,,1,United States of America,Illinois,United States of America,Illinois,0.6964285714285714
250,446,More than 1000,1,United States of America,Michigan,United States of America,Michigan,0.6458333333333334
251,447,100-500,1,United States of America,New York,United States of America,New York,0.6666666666666666
252,448,45102,0,United States of America,New York,United States of America,New York,0.6666666666666666
253,449,100-500,0,United States of America,California,United States of America,California,0.7153846153846154
254,452,More than 1000,1,United States of America,New York,United States of America,New York,0.6666666666666666
255,453,44931,1,United States of America,Georgia,United States of America,Georgia,0.5714285714285714
256,454,26-100,1,United States of America,Illinois,United States of America,Illinois,0.6964285714285714
257,455,500-1000,1,United States of America,New York,United States of America,New York,0.6666666666666666
258,457,45102,1,United States of America,Indiana,United States of America,Indiana,0.64
259,458,More than 1000,1,United States of America,California,United States of America,California,0.7153846153846154
260,459,45102,0,United States of America,Washington,United States of America,Ohio,0.6511627906976745
261,460,44931,1,United States of America,Tennessee,United States of America,Tennessee,0.5925925925925926
262,461,44931,0,United States of America,Minnesota,United States of America,Minnesota,0.5952380952380952
263,463,45102,1,United States of America,Minnesota,United States of America,Minnesota,0.5952380952380952
264,464,,0,United States of America,Nebraska,United States of America,Nebraska,0.5
265,465,More than 1000,1,United States of America,Tennessee,United States of America,Tennessee,0.5925925925925926
266,466,26-100,0,United States of America,Nebraska,United States of America,Nebraska,0.5
267,467,26-100,0,United States of America,West Virginia,United States of America,West Virginia,0.5
268,468,45102,1,United States of America,California,United States of America,California,0.7153846153846154
269,470,More than 1000,1,United States of America,Tennessee,United States of America,Tennessee,0.5925925925925926
270,471,45102,0,United States of America,Nebraska,United States of America,Nebraska,0.5
271,472,More than 1000,0,United States of America,Tennessee,United States of America,Tennessee,0.5925925925925926
272,473,45102,0,United States of America,Tennessee,United States of America,Tennessee,0.5925925925925926
273,474,26-100,0,United States of America,Tennessee,United States of America,Tennessee,0.5925925925925926
274,475,44931,0,United States of America,Nevada,United States of America,Nevada,0.3333333333333333
275,476,More than 1000,0,United States of America,Nebraska,United States of America,Nebraska,0.5
276,477,45102,1,United States of America,Nebraska,United States of America,Nebraska,0.5
277,478,45102,0,United States of America,Illinois,United States of America,Illinois,0.6964285714285714
278,481,45102,0,United States of America,Nebraska,United States of America,Nebraska,0.5
279,482,100-500,1,United States of America,Nebraska,United States of America,Nebraska,0.5
280,483,,0,United States of America,Texas,United States of America,Texas,0.7209302325581395
281,484,26-100,1,United States of America,Indiana,United States of America,Indiana,0.64
282,485,45102,1,United States of America,Colorado,United States of America,Colorado,0.6428571428571429
283,486,,0,United States of America,Oregon,United States of America,Oregon,0.6756756756756757
284,490,500-1000,1,United States of America,Pennsylvania,United States of America,Pennsylvania,0.7575757575757576
285,491,45102,1,United States of America,Maryland,United States of America,Maryland,0.625
286,492,100-500,0,United States of America,California,United States of America,California,0.7153846153846154
287,493,45102,1,United States of America,California,United States of America,California,0.7153846153846154
288,494,100-500,1,United States of America,California,United States of America,California,0.7153846153846154
289,495,26-100,0,United States of America,Texas,United States of America,Texas,0.7209302325581395
290,496,100-500,1,United States of America,Minnesota,United States of America,Minnesota,0.5952380952380952
291,497,100-500,1,United States of America,New York,United States of America,New York,0.6666666666666666
292,501,More than 1000,1,United States of America,Virginia,United States of America,Virginia,0.7333333333333333
293,503,More than 1000,1,United States of America,Oregon,United States of America,Oregon,0.6756756756756757
294,504,45102,1,United States of America,Washington,United States of America,Washington,0.6511627906976745
295,506,44931,1,United States of America,Illinois,United States of America,Illinois,0.6964285714285714
296,507,26-100,0,United States of America,Michigan,United States of America,Michigan,0.6458333333333334
297,508,45102,1,United States of America,Michigan,United States of America,Michigan,0.6458333333333334
298,509,45102,1,United States of America,Florida,United States of America,Florida,0.5714285714285714
299,510,100-500,1,United States of America,California,United States of America,California,0.7153846153846154
300,511,More than 1000,1,United States of America,Tennessee,United States of America,Tennessee,0.5925925925925926
301,512,,0,United States of America,California,United States of America,California,0.7153846153846154
302,513,More than 1000,1,United States of America,California,United States of America,California,0.7153846153846154
303,514,26-100,1,United States of America,California,United States of America,California,0.7153846153846154
304,515,45102,1,United States of America,Oregon,United States of America,Oregon,0.6756756756756757
305,520,,1,United States of America,California,United States of America,California,0.7153846153846154
306,521,26-100,1,United States of America,Illinois,United States of America,Illinois,0.6964285714285714
307,523,,0,United States of America,New Jersey,United States of America,California,0.8571428571428571
308,528,45102,1,United States of America,Massachusetts,United States of America,Massachusetts,0.5217391304347826
309,530,100-500,1,United States of America,California,United States of America,California,0.7153846153846154
310,533,26-100,1,United States of America,Indiana,United States of America,Indiana,0.64
311,534,45102,1,United States of America,Tennessee,United States of America,Tennessee,0.5925925925925926
312,537,26-100,1,United States of America,Texas,United States of America,Texas,0.7209302325581395
313,538,44931,1,United States of America,Georgia,United States of America,Georgia,0.5714285714285714
314,542,,0,United States of America,Illinois,United States of America,Illinois,0.6964285714285714
315,549,100-500,1,United States of America,Colorado,United States of America,Colorado,0.6428571428571429
316,550,100-500,0,United States of America,Oregon,United States of America,Oregon,0.6756756756756757
317,551,100-500,1,United States of America,Tennessee,United States of America,Tennessee,0.5925925925925926
318,552,100-500,0,United States of America,Wisconsin,United States of America,Wisconsin,0.7692307692307693
319,553,More than 1000,1,United States of America,Pennsylvania,United States of America,New York,0.7575757575757576
320,554,100-500,0,United States of America,Missouri,United States of America,Oregon,0.4166666666666667
321,555,100-500,1,United States of America,California,United States of America,California,0.7153846153846154
322,556,100-500,1,United States of America,Colorado,United States of America,California,0.6428571428571429
323,557,100-500,1,United States of America,California,United States of America,California,0.7153846153846154
324,559,More than 1000,1,United States of America,Florida,United States of America,Florida,0.5714285714285714
325,560,More than 1000,0,United States of America,Florida,United States of America,Florida,0.5714285714285714
326,562,45102,1,United States of America,Washington,United States of America,Washington,0.6511627906976745
327,563,More than 1000,0,United States of America,California,United States of America,California,0.7153846153846154
328,565,100-500,0,United States of America,Oregon,United States of America,Oregon,0.6756756756756757
329,570,100-500,1,United States of America,Oregon,United States of America,Oregon,0.6756756756756757
330,571,45102,0,United States of America,Washington,United States of America,Washington,0.6511627906976745
331,572,26-100,1,United States of America,Pennsylvania,United States of America,Pennsylvania,0.7575757575757576
332,573,More than 1000,0,United States of America,New York,United States of America,New York,0.6666666666666666
333,574,More than 1000,0,United States of America,Texas,United States of America,Texas,0.7209302325581395
334,575,100-500,1,United States of America,Indiana,United States of America,Indiana,0.64
335,577,45102,1,United States of America,North Carolina,United States of America,North Carolina,0.8571428571428571
336,578,45102,1,United States of America,North Carolina,United States of America,North Carolina,0.8571428571428571
337,579,100-500,0,United States of America,Michigan,United States of America,Michigan,0.6458333333333334
338,581,,1,United States of America,Illinois,United States of America,Illinois,0.6964285714285714
339,583,,0,United States of America,Georgia,United States of America,Georgia,0.5714285714285714
340,585,45102,1,United States of America,Louisiana,United States of America,Louisiana,1.0
341,586,26-100,1,United States of America,Florida,United States of America,Florida,0.5714285714285714
342,589,More than 1000,1,United States of America,South Carolina,United States of America,South Carolina,1.0
343,592,More than 1000,1,United States of America,North Carolina,United States of America,North Carolina,0.8571428571428571
344,593,26-100,1,United States of America,Pennsylvania,United States of America,Pennsylvania,0.7575757575757576
345,594,26-100,0,United States of America,South Dakota,United States of America,South Dakota,0.5
346,595,More than 1000,1,United States of America,Illinois,United States of America,Illinois,0.6964285714285714
347,596,45102,1,United States of America,California,United States of America,California,0.7153846153846154
348,597,,1,United States of America,Texas,United States of America,Texas,0.7209302325581395
349,604,44931,1,United States of America,Maryland,United States of America,Maryland,0.625
350,607,More than 1000,1,United States of America,Washington,United States of America,Washington,0.6511627906976745
351,608,,1,United States of America,Colorado,United States of America,Colorado,0.6428571428571429
352,609,,1,United States of America,Washington,United States of America,Washington,0.6511627906976745
353,610,45102,1,United States of America,Kansas,United States of America,Kansas,0.35714285714285715
354,611,100-500,1,United States of America,California,United States of America,California,0.7153846153846154
355,613,More than 1000,0,United States of America,Colorado,United States of America,Colorado,0.6428571428571429
356,617,45102,1,United States of America,Minnesota,United States of America,Minnesota,0.5952380952380952
357,618,More than 1000,1,United States of America,Pennsylvania,United States of America,Pennsylvania,0.7575757575757576
358,620,,0,United States of America,Michigan,United States of America,Michigan,0.6458333333333334
359,621,45102,1,United States of America,New York,United States of America,New York,0.6666666666666666
360,622,More than 1000,0,United States of America,Missouri,United States of America,Missouri,0.4166666666666667
361,623,More than 1000,1,United States of America,Michigan,United States of America,Michigan,0.6458333333333334
362,624,,0,United States of America,Maryland,United States of America,Maryland,0.625
363,625,100-500,1,United States of America,Illinois,United States of America,Illinois,0.6964285714285714
364,629,More than 1000,0,United States of America,New Hampshire,United States of America,Massachusetts,0.6
365,630,45102,0,United States of America,Illinois,United States of America,Illinois,0.6964285714285714
366,633,100-500,0,United States of America,Kansas,United States of America,Kansas,0.35714285714285715
367,634,More than 1000,0,United States of America,Kansas,United States of America,Kansas,0.35714285714285715
368,635,45102,0,United States of America,Kansas,United States of America,Kansas,0.35714285714285715
369,636,100-500,1,United States of America,Illinois,United States of America,Illinois,0.6964285714285714
370,637,26-100,0,United States of America,Arizona,United States of America,Arizona,0.2
371,639,45102,1,United States of America,Minnesota,United States of America,Minnesota,0.5952380952380952
372,640,,0,United States of America,New York,United States of America,New York,0.6666666666666666
373,643,45102,1,United States of America,Colorado,United States of America,Colorado,0.6428571428571429
374,644,26-100,1,United States of America,Oregon,United States of America,Oregon,0.6756756756756757
375,646,26-100,1,United States of America,Kansas,United States of America,Kansas,0.35714285714285715
376,648,,0,United States of America,Oregon,United States of America,Oregon,0.6756756756756757
377,650,26-100,0,United States of America,Minnesota,United States of America,Minnesota,0.5952380952380952
378,653,More than 1000,0,United States of America,Washington,United States of America,Washington,0.6511627906976745
379,655,100-500,1,United States of America,Pennsylvania,United States of America,Pennsylvania,0.7575757575757576
380,656,45102,0,United States of America,Kansas,United States of America,Kansas,0.35714285714285715
381,658,500-1000,0,United States of America,Kansas,United States of America,Kansas,0.35714285714285715
382,659,26-100,0,United States of America,Kansas,United States of America,Kansas,0.35714285714285715
383,660,45102,1,United States of America,Illinois,United States of America,Illinois,0.6964285714285714
384,661,26-100,1,United States of America,Washington,United States of America,Washington,0.6511627906976745
385,664,45102,0,United States of America,Oklahoma,United States of America,Oklahoma,0.6153846153846154
386,666,45102,0,United States of America,Minnesota,United States of America,Minnesota,0.5952380952380952
387,667,26-100,1,United States of America,Oklahoma,United States of America,Oklahoma,0.6153846153846154
388,668,More than 1000,1,United States of America,Pennsylvania,United States of America,Pennsylvania,0.7575757575757576
389,669,,1,United States of America,Illinois,United States of America,Illinois,0.6964285714285714
390,672,More than 1000,1,United States of America,Washington,United States of America,Washington,0.6511627906976745
391,673,26-100,0,United States of America,Indiana,United States of America,Indiana,0.64
392,674,More than 1000,1,United States of America,Illinois,United States of America,Illinois,0.6964285714285714
393,675,100-500,1,United States of America,Pennsylvania,United States of America,Pennsylvania,0.7575757575757576
394,676,More than 1000,0,United States of America,Tennessee,United States of America,Tennessee,0.5925925925925926
395,677,,1,United States of America,Indiana,United States of America,Indiana,0.64
396,678,100-500,0,United States of America,Pennsylvania,United States of America,Pennsylvania,0.7575757575757576
397,679,100-500,0,United States of America,Massachusetts,United States of America,Massachusetts,0.5217391304347826
398,680,26-100,1,United States of America,Indiana,United States of America,Indiana,0.64
399,681,45102,1,United States of America,Tennessee,United States of America,Tennessee,0.5925925925925926
400,683,,0,United States of America,Missouri,United States of America,Missouri,0.4166666666666667
401,684,100-500,0,United States of America,Colorado,United States of America,Colorado,0.6428571428571429
402,686,26-100,1,United States of America,Wisconsin,United States of America,Wisconsin,0.7692307692307693
403,687,More than 1000,1,United States of America,Texas,United States of America,Texas,0.7209302325581395
404,688,26-100,0,United States of America,Illinois,United States of America,Illinois,0.6964285714285714
405,690,44931,0,United States of America,Virginia,United States of America,Virginia,0.7333333333333333
406,691,100-500,1,United States of America,Rhode Island,United States of America,Rhode Island,0.6666666666666666
407,693,44931,0,United States of America,Michigan,United States of America,Michigan,0.6458333333333334
408,694,26-100,0,United States of America,Minnesota,United States of America,Minnesota,0.5952380952380952
409,697,,0,United States of America,Ohio,United States of America,Ohio,0.52
410,699,,1,United States of America,Florida,United States of America,Florida,0.5714285714285714
411,701,,1,United States of America,Vermont,United States of America,Vermont,0.6
412,702,45102,1,United States of America,Maine,United States of America,Maine,0.8
413,703,44931,1,United States of America,New Jersey,United States of America,New Jersey,0.8571428571428571
414,708,45102,1,United States of America,Tennessee,United States of America,Tennessee,0.5925925925925926
415,710,45102,0,United States of America,New Hampshire,United States of America,New Hampshire,0.6
416,711,500-1000,0,United States of America,Ohio,United States of America,Ohio,0.52
417,714,More than 1000,1,United States of America,California,United States of America,California,0.7153846153846154
418,716,44931,1,United States of America,Washington,United States of America,Washington,0.6511627906976745
419,717,,1,United States of America,Colorado,United States of America,Colorado,0.6428571428571429
420,719,100-500,1,United States of America,Pennsylvania,United States of America,Pennsylvania,0.7575757575757576
421,720,,0,United States of America,Missouri,United States of America,Missouri,0.4166666666666667
422,721,100-500,0,United States of America,Colorado,United States of America,Colorado,0.6428571428571429
423,725,26-100,0,United States of America,Oregon,United States of America,Oregon,0.6756756756756757
424,726,More than 1000,1,United States of America,Texas,United States of America,Texas,0.7209302325581395
425,727,45102,0,United States of America,Ohio,United States of America,Ohio,0.52
426,730,More than 1000,1,United States of America,Minnesota,United States of America,Minnesota,0.5952380952380952
427,733,More than 1000,1,United States of America,California,United States of America,California,0.7153846153846154
428,734,100-500,0,United States of America,Georgia,United States of America,Georgia,0.5714285714285714
429,735,,1,United States of America,Wisconsin,United States of America,Wisconsin,0.7692307692307693
430,736,,1,United States of America,California,United States of America,California,0.7153846153846154
431,737,,1,United States of America,Massachusetts,United States of America,Massachusetts,0.5217391304347826
432,740,,0,United States of America,Florida,United States of America,Florida,0.5714285714285714
433,742,45102,1,United States of America,Oklahoma,United States of America,Oklahoma,0.6153846153846154
434,743,26-100,1,United States of America,California,United States of America,California,0.7153846153846154
435,744,,1,United States of America,Washington,United States of America,Washington,0.6511627906976745
436,745,100-500,1,United States of America,Pennsylvania,United States of America,Pennsylvania,0.7575757575757576
437,746,More than 1000,1,United States of America,Maryland,United States of America,Maryland,0.625
438,750,,0,United States of America,California,United States of America,California,0.7153846153846154
439,753,,1,United States of America,California,United States of America,California,0.7153846153846154
440,754,,1,United States of America,Connecticut,United States of America,Connecticut,0.8
441,756,More than 1000,0,United States of America,California,United States of America,California,0.7153846153846154
442,757,More than 1000,1,United States of America,Illinois,United States of America,Illinois,0.6964285714285714
443,759,More than 1000,1,United States of America,Missouri,United States of America,Missouri,0.4166666666666667
444,761,26-100,0,United States of America,Texas,United States of America,Texas,0.7209302325581395
445,762,26-100,1,United States of America,Texas,United States of America,Texas,0.7209302325581395
446,764,100-500,1,United States of America,Texas,United States of America,Texas,0.7209302325581395
447,766,100-500,1,United States of America,Georgia,United States of America,Georgia,0.5714285714285714
448,769,,1,United States of America,Texas,United States of America,Texas,0.7209302325581395
449,770,,1,United States of America,New York,United States of America,New York,0.6666666666666666
450,771,26-100,1,United States of America,Maryland,United States of America,Maryland,0.625
451,772,45102,1,United States of America,New York,United States of America,Oklahoma,0.6666666666666666
452,773,100-500,0,United States of America,Washington,United States of America,Washington,0.6511627906976745
453,775,,1,United States of America,Florida,United States of America,Florida,0.5714285714285714
454,777,100-500,1,United States of America,California,United States of America,California,0.7153846153846154
455,778,More than 1000,1,United States of America,Texas,United States of America,Texas,0.7209302325581395
456,779,100-500,0,United States of America,California,United States of America,California,0.7153846153846154
457,780,More than 1000,1,United States of America,Texas,United States of America,Texas,0.7209302325581395
458,781,44931,1,United States of America,Texas,United States of America,Texas,0.7209302325581395
459,782,More than 1000,0,United States of America,Missouri,United States of America,Missouri,0.4166666666666667
460,783,100-500,1,United States of America,Maine,United States of America,Maine,0.8
461,784,500-1000,1,United States of America,California,United States of America,California,0.7153846153846154
462,786,45102,1,United States of America,Illinois,United States of America,Illinois,0.6964285714285714
463,787,,0,United States of America,New Mexico,United States of America,New Mexico,0.5
464,788,More than 1000,0,United States of America,Oregon,United States of America,Oregon,0.6756756756756757
465,789,,0,United States of America,Wisconsin,United States of America,Wisconsin,0.7692307692307693
466,791,More than 1000,0,United States of America,California,United States of America,California,0.7153846153846154
467,792,45102,1,United States of America,Washington,United States of America,Washington,0.6511627906976745
468,794,100-500,0,United States of America,Ohio,United States of America,Ohio,0.52
469,795,26-100,0,United States of America,Texas,United States of America,Texas,0.7209302325581395
470,796,More than 1000,1,United States of America,Maryland,United States of America,Maryland,0.625
471,799,100-500,1,United States of America,California,United States of America,Texas,0.7153846153846154
472,800,45102,1,United States of America,Wisconsin,United States of America,Wisconsin,0.7692307692307693
473,801,,1,United States of America,North Dakota,United States of America,North Dakota,0.5
474,802,26-100,0,United States of America,Kansas,United States of America,Kansas,0.35714285714285715
475,805,100-500,1,United States of America,Colorado,United States of America,Colorado,0.6428571428571429
476,806,More than 1000,1,United States of America,Oklahoma,United States of America,Oklahoma,0.6153846153846154
477,808,26-100,1,United States of America,California,United States of America,California,0.7153846153846154
478,810,100-500,1,United States of America,Oklahoma,United States of America,Oklahoma,0.6153846153846154
479,818,45102,0,United States of America,Colorado,United States of America,Colorado,0.6428571428571429
480,826,100-500,1,United States of America,Ohio,United States of America,Ohio,0.52
481,827,More than 1000,1,United States of America,California,United States of America,California,0.7153846153846154
482,828,100-500,0,United States of America,Indiana,United States of America,Indiana,0.64
483,830,45102,0,United States of America,Minnesota,United States of America,Minnesota,0.5952380952380952
484,832,More than 1000,0,United States of America,Kansas,United States of America,Kansas,0.35714285714285715
485,833,More than 1000,0,United States of America,Texas,United States of America,Texas,0.7209302325581395
486,834,45102,0,United States of America,Minnesota,United States of America,Minnesota,0.5952380952380952
487,836,500-1000,1,United States of America,Texas,United States of America,Texas,0.7209302325581395
488,837,26-100,1,United States of America,Texas,United States of America,Texas,0.7209302325581395
489,838,45102,0,United States of America,Minnesota,United States of America,Minnesota,0.5952380952380952
490,839,45102,0,United States of America,Pennsylvania,United States of America,Pennsylvania,0.7575757575757576
491,840,,1,United States of America,Colorado,United States of America,Colorado,0.6428571428571429
492,843,45102,1,United States of America,Minnesota,United States of America,Minnesota,0.5952380952380952
493,844,,0,United States of America,South Dakota,United States of America,South Dakota,0.5
494,845,26-100,1,United States of America,Nebraska,United States of America,Nebraska,0.5
495,847,100-500,1,United States of America,North Carolina,United States of America,North Carolina,0.8571428571428571
496,849,More than 1000,1,United States of America,New York,United States of America,New York,0.6666666666666666
497,850,45102,1,United States of America,Oklahoma,United States of America,Oklahoma,0.6153846153846154
498,851,,0,United States of America,Massachusetts,United States of America,Massachusetts,0.5217391304347826
499,853,26-100,1,United States of America,New York,United States of America,New York,0.6666666666666666
500,855,100-500,1,United States of America,New Hampshire,United States of America,New Hampshire,0.6
501,856,45102,1,United States of America,Minnesota,United States of America,Minnesota,0.5952380952380952
502,857,,1,United States of America,New York,United States of America,New York,0.6666666666666666
503,860,45102,0,United States of America,Minnesota,United States of America,Minnesota,0.5952380952380952
504,862,100-500,1,United States of America,New York,United States of America,New York,0.6666666666666666
505,863,More than 1000,1,United States of America,Texas,United States of America,Texas,0.7209302325581395
506,864,More than 1000,0,United States of America,Minnesota,United States of America,Minnesota,0.5952380952380952
507,865,45102,1,United States of America,Maine,United States of America,Maine,0.8
508,866,44931,0,United States of America,Pennsylvania,United States of America,Pennsylvania,0.7575757575757576
509,867,100-500,0,United States of America,Oregon,United States of America,Oregon,0.6756756756756757
510,868,,1,United States of America,Oregon,United States of America,Oregon,0.6756756756756757
511,869,44931,1,United States of America,Kansas,United States of America,Kansas,0.35714285714285715
512,871,26-100,1,United States of America,Pennsylvania,United States of America,Pennsylvania,0.7575757575757576
513,872,,1,United States of America,Oregon,United States of America,Oregon,0.6756756756756757
514,873,,1,United States of America,Arizona,United States of America,Arizona,0.2
515,874,,1,United States of America,Oregon,United States of America,Oregon,0.6756756756756757
516,875,100-500,1,United States of America,Florida,United States of America,Florida,0.5714285714285714
517,877,More than 1000,0,United States of America,Texas,United States of America,Texas,0.7209302325581395
518,879,More than 1000,0,United States of America,Texas,United States of America,Texas,0.7209302325581395
519,882,More than 1000,0,United States of America,Maryland,United States of America,Maryland,0.625
520,883,26-100,1,United States of America,Virginia,United States of America,District of Columbia,0.7333333333333333
521,884,More than 1000,0,United States of America,Tennessee,United States of America,Tennessee,0.5925925925925926
522,886,,1,United States of America,Oregon,United States of America,Oregon,0.6756756756756757
523,887,,1,United States of America,California,United States of America,California,0.7153846153846154
524,888,,1,United States of America,District of Columbia,United States of America,District of Columbia,1.0
525,889,,1,United States of America,New York,United States of America,New York,0.6666666666666666
526,890,26-100,1,United States of America,North Carolina,United States of America,North Carolina,0.8571428571428571
527,891,500-1000,1,United States of America,Illinois,United States of America,Illinois,0.6964285714285714
528,899,More than 1000,1,United States of America,Illinois,United States of America,Illinois,0.6964285714285714
529,900,,0,United States of America,Oklahoma,United States of America,Oklahoma,0.6153846153846154
530,901,,1,United States of America,Minnesota,United States of America,Minnesota,0.5952380952380952
531,902,,1,United States of America,New York,United States of America,New York,0.6666666666666666
532,905,45102,0,United States of America,Washington,United States of America,Washington,0.6511627906976745
533,906,45102,0,United States of America,Oregon,United States of America,Oregon,0.6756756756756757
534,908,,0,United States of America,Wisconsin,United States of America,Wisconsin,0.7692307692307693
535,911,More than 1000,0,United States of America,California,United States of America,California,0.7153846153846154
536,912,44931,1,United States of America,New York,United States of America,New York,0.6666666666666666
537,913,,1,United States of America,Pennsylvania,United States of America,Pennsylvania,0.7575757575757576
538,915,,1,United States of America,Minnesota,United States of America,Minnesota,0.5952380952380952
539,917,26-100,1,United States of America,California,United States of America,California,0.7153846153846154
540,929,500-1000,0,United States of America,North Carolina,United States of America,North Carolina,0.8571428571428571
541,931,44931,1,United States of America,New Jersey,United States of America,New Jersey,0.8571428571428571
542,933,More than 1000,0,United States of America,Washington,United States of America,Washington,0.6511627906976745
543,934,26-100,0,United States of America,Pennsylvania,United States of America,Pennsylvania,0.7575757575757576
544,936,26-100,0,United States of America,Pennsylvania,United States of America,Pennsylvania,0.7575757575757576
545,939,100-500,1,United States of America,North Carolina,United States of America,North Carolina,0.8571428571428571
546,942,26-100,1,United States of America,Pennsylvania,United States of America,Pennsylvania,0.7575757575757576
547,944,500-1000,0,United States of America,Michigan,United States of America,Michigan,0.6458333333333334
548,945,500-1000,1,United States of America,Minnesota,United States of America,Minnesota,0.5952380952380952
549,949,100-500,1,United States of America,Texas,United States of America,Texas,0.7209302325581395
550,950,,1,United States of America,Michigan,United States of America,Michigan,0.6458333333333334
551,951,26-100,1,United States of America,Texas,United States of America,Texas,0.7209302325581395
552,952,45102,0,United States of America,Tennessee,United States of America,Tennessee,0.5925925925925926
553,953,,1,United States of America,Georgia,United States of America,Georgia,0.5714285714285714
554,954,More than 1000,0,United States of America,Minnesota,United States of America,Minnesota,0.5952380952380952
555,955,More than 1000,1,United States of America,Colorado,United States of America,Colorado,0.6428571428571429
556,959,More than 1000,0,United States of America,Illinois,United States of America,Illinois,0.6964285714285714
557,960,26-100,0,United States of America,Maryland,United States of America,Maryland,0.625
558,961,More than 1000,0,United States of America,Minnesota,United States of America,Minnesota,0.5952380952380952
559,962,100-500,0,United States of America,Utah,United States of America,Utah,0.6666666666666666
560,963,,1,United States of America,Massachusetts,United States of America,Massachusetts,0.5217391304347826
561,964,500-1000,1,United States of America,Massachusetts,United States of America,Massachusetts,0.5217391304347826
562,965,45102,0,United States of America,Florida,United States of America,Florida,0.5714285714285714
563,966,26-100,0,United States of America,Illinois,United States of America,Illinois,0.6964285714285714
564,967,26-100,1,United States of America,California,United States of America,California,0.7153846153846154
565,968,100-500,1,United States of America,New Hampshire,United States of America,Massachusetts,0.6
566,969,26-100,1,United States of America,Massachusetts,United States of America,Massachusetts,0.5217391304347826
567,971,More than 1000,1,United States of America,Massachusetts,United States of America,Massachusetts,0.5217391304347826
568,974,500-1000,1,United States of America,Utah,United States of America,Utah,0.6666666666666666
569,976,26-100,1,United States of America,Utah,United States of America,Utah,0.6666666666666666
570,978,100-500,1,United States of America,Texas,United States of America,Texas,0.7209302325581395
571,979,100-500,1,United States of America,Maine,United States of America,Massachusetts,0.8
572,980,100-500,0,United States of America,Michigan,United States of America,Michigan,0.6458333333333334
573,981,100-500,1,United States of America,Washington,United States of America,Washington,0.6511627906976745
574,982,26-100,1,United States of America,Michigan,United States of America,Michigan,0.6458333333333334
575,983,45102,0,United States of America,Massachusetts,United States of America,Massachusetts,0.5217391304347826
576,984,,1,United States of America,Michigan,United States of America,Michigan,0.6458333333333334
577,985,26-100,1,United States of America,Michigan,United States of America,Michigan,0.6458333333333334
578,986,100-500,1,United States of America,Michigan,United States of America,Michigan,0.6458333333333334
579,987,,0,United States of America,Michigan,United States of America,Michigan,0.6458333333333334
580,990,,1,United States of America,Illinois,United States of America,Illinois,0.6964285714285714
581,991,500-1000,1,United States of America,Minnesota,United States of America,Minnesota,0.5952380952380952
582,992,More than 1000,0,United States of America,Washington,United States of America,Washington,0.6511627906976745
583,993,More than 1000,0,United States of America,Minnesota,United States of America,Minnesota,0.5952380952380952
584,994,26-100,0,United States of America,Pennsylvania,United States of America,Pennsylvania,0.7575757575757576
585,995,500-1000,0,United States of America,Ohio,United States of America,Ohio,0.52
586,996,More than 1000,0,United States of America,Montana,United States of America,Montana,0.0
587,997,100-500,0,United States of America,Washington,United States of America,Washington,0.6511627906976745
588,998,100-500,1,United States of America,Tennessee,United States of America,Tennessee,0.5925925925925926
589,1002,44931,0,United States of America,Ohio,United States of America,Ohio,0.52
590,1003,100-500,0,United States of America,Washington,United States of America,Washington,0.6511627906976745
591,1005,100-500,1,United States of America,California,United States of America,California,0.7153846153846154
592,1007,26-100,1,United States of America,Colorado,United States of America,Colorado,0.6428571428571429
593,1008,45102,0,United States of America,Ohio,United States of America,Ohio,0.52
594,1010,100-500,0,United States of America,New York,United States of America,New York,0.6666666666666666
595,1011,,1,United States of America,California,United States of America,California,0.7153846153846154
596,1014,More than 1000,1,United States of America,Wisconsin,United States of America,Wisconsin,0.7692307692307693
597,1015,More than 1000,1,United States of America,Washington,United States of America,Washington,0.6511627906976745
598,1017,More than 1000,1,United States of America,Washington,United States of America,Washington,0.6511627906976745
599,1020,,0,United States of America,Ohio,United States of America,Ohio,0.52
600,1021,More than 1000,1,United States of America,Colorado,United States of America,Colorado,0.6428571428571429
601,1022,More than 1000,0,United States of America,Missouri,United States of America,Missouri,0.4166666666666667
602,1025,More than 1000,0,United States of America,Washington,United States of America,Washington,0.6511627906976745
603,1033,100-500,0,United States of America,Georgia,United States of America,Georgia,0.5714285714285714
604,1036,More than 1000,1,United States of America,California,United States of America,California,0.7153846153846154
605,1038,More than 1000,1,United States of America,Massachusetts,United States of America,California,0.5217391304347826
606,1040,100-500,0,United States of America,Colorado,United States of America,Colorado,0.6428571428571429
607,1041,26-100,1,United States of America,Illinois,United States of America,Illinois,0.6964285714285714
608,1045,More than 1000,0,United States of America,Illinois,United States of America,Illinois,0.6964285714285714
609,1050,,1,United States of America,California,United States of America,California,0.7153846153846154
610,1057,100-500,1,United States of America,Virginia,United States of America,Virginia,0.7333333333333333
611,1060,More than 1000,1,United States of America,Texas,United States of America,Texas,0.7209302325581395
612,1065,More than 1000,1,United States of America,California,United States of America,California,0.7153846153846154
613,1067,,1,United States of America,California,United States of America,California,0.7153846153846154
614,1068,More than 1000,1,United States of America,California,United States of America,California,0.7153846153846154
615,1072,100-500,1,United States of America,Maryland,United States of America,Maryland,0.625
616,1073,100-500,1,United States of America,Massachusetts,United States of America,Massachusetts,0.5217391304347826
617,1074,More than 1000,1,United States of America,New Hampshire,United States of America,New Hampshire,0.6
618,1079,,1,United States of America,New Mexico,United States of America,New Mexico,0.5
619,1081,More than 1000,1,United States of America,Wisconsin,United States of America,Wisconsin,0.7692307692307693
620,1083,26-100,1,United States of America,Tennessee,United States of America,Tennessee,0.5925925925925926
621,1086,500-1000,0,United States of America,Iowa,United States of America,Iowa,0.8
622,1087,,1,United States of America,Kentucky,United States of America,Kentucky,1.0
623,1088,44931,1,United States of America,New Jersey,United States of America,New Jersey,0.8571428571428571
624,1089,,1,United States of America,Massachusetts,United States of America,Massachusetts,0.5217391304347826
625,1090,,1,United States of America,Indiana,United States of America,Indiana,0.64
626,1091,500-1000,1,United States of America,Kentucky,United States of America,Kentucky,1.0
627,1092,26-100,1,United States of America,California,United States of America,California,0.7153846153846154
628,1093,More than 1000,1,United States of America,Tennessee,United States of America,Tennessee,0.5925925925925926
629,1094,,0,United States of America,New York,United States of America,New York,0.6666666666666666
630,1101,More than 1000,1,United States of America,California,United States of America,California,0.7153846153846154
631,1103,,1,United States of America,Colorado,United States of America,Colorado,0.6428571428571429
632,1104,100-500,1,United States of America,Idaho,United States of America,Idaho,0.6666666666666666
633,1105,,0,United States of America,New Mexico,United States of America,New Mexico,0.5
634,1108,,1,United States of America,Washington,United States of America,Washington,0.6511627906976745
635,1110,45102,0,United States of America,Georgia,United States of America,Georgia,0.5714285714285714
636,1114,26-100,0,United States of America,California,United States of America,California,0.7153846153846154
637,1115,100-500,1,United States of America,Michigan,United States of America,Michigan,0.6458333333333334
638,1118,100-500,1,United States of America,California,United States of America,California,0.7153846153846154
639,1120,45102,1,United States of America,Illinois,United States of America,Illinois,0.6964285714285714
640,1122,100-500,1,United States of America,Rhode Island,United States of America,Massachusetts,0.6666666666666666
641,1123,More than 1000,1,United States of America,California,United States of America,California,0.7153846153846154
642,1124,26-100,0,United States of America,Ohio,United States of America,Ohio,0.52
643,1125,,1,United States of America,North Carolina,United States of America,North Carolina,0.8571428571428571
644,1126,26-100,1,United States of America,North Carolina,United States of America,North Carolina,0.8571428571428571
645,1127,45102,0,United States of America,North Carolina,United States of America,North Carolina,0.8571428571428571
646,1128,More than 1000,1,United States of America,North Carolina,United States of America,North Carolina,0.8571428571428571
647,1129,45102,1,United States of America,Illinois,United States of America,Illinois,0.6964285714285714
648,1130,100-500,0,United States of America,Colorado,United States of America,Colorado,0.6428571428571429
649,1132,45102,0,United States of America,Ohio,United States of America,Ohio,0.52
650,1133,100-500,1,United States of America,Illinois,United States of America,Illinois,0.6964285714285714
651,1134,26-100,1,United States of America,Michigan,United States of America,Michigan,0.6458333333333334
652,1135,More than 1000,1,United States of America,Illinois,United States of America,Illinois,0.6964285714285714
653,1136,More than 1000,1,United States of America,South Dakota,United States of America,South Dakota,0.5
654,1137,More than 1000,1,United States of America,Michigan,United States of America,Michigan,0.6458333333333334
655,1138,More than 1000,1,United States of America,Ohio,United States of America,Ohio,0.52
656,1140,More than 1000,0,United States of America,Michigan,United States of America,Michigan,0.6458333333333334
657,1141,,1,United States of America,Indiana,United States of America,Indiana,0.64
658,1143,100-500,1,United States of America,California,United States of America,California,0.7153846153846154
659,1144,26-100,1,United States of America,Pennsylvania,United States of America,Pennsylvania,0.7575757575757576
660,1145,26-100,1,United States of America,Texas,United States of America,Texas,0.7209302325581395
661,1146,26-100,0,United States of America,Michigan,United States of America,Michigan,0.6458333333333334
662,1147,26-100,0,United States of America,Virginia,United States of America,Virginia,0.7333333333333333
663,1148,26-100,0,United States of America,Alabama,United States of America,Alabama,0.75
664,1149,26-100,0,United States of America,Michigan,United States of America,Michigan,0.6458333333333334
665,1150,26-100,0,United States of America,Michigan,United States of America,Michigan,0.6458333333333334
666,1151,100-500,0,United States of America,Oklahoma,United States of America,Oklahoma,0.6153846153846154
667,1152,26-100,0,United States of America,Washington,United States of America,Washington,0.6511627906976745
668,1153,26-100,0,United States of America,Michigan,United States of America,Michigan,0.6458333333333334
669,1154,26-100,1,United States of America,Michigan,United States of America,Michigan,0.6458333333333334
670,1155,45102,0,United States of America,Oklahoma,United States of America,Oklahoma,0.6153846153846154
671,1156,26-100,0,United States of America,Alaska,United States of America,Alaska,0.0
672,1157,26-100,1,United States of America,Delaware,United States of America,Delaware,1.0
673,1158,More than 1000,1,United States of America,Oklahoma,United States of America,Oklahoma,0.6153846153846154
674,1159,26-100,0,United States of America,Alaska,United States of America,Alaska,0.0
675,1160,44931,1,United States of America,Oklahoma,United States of America,Oklahoma,0.6153846153846154
676,1161,500-1000,0,United States of America,Oklahoma,United States of America,Oklahoma,0.6153846153846154
677,1162,100-500,0,United States of America,Pennsylvania,United States of America,Michigan,0.7575757575757576
678,1163,More than 1000,1,United States of America,Ohio,United States of America,Ohio,0.52
679,1166,26-100,1,United States of America,North Carolina,United States of America,North Carolina,0.8571428571428571
680,1167,More than 1000,1,United States of America,Michigan,United States of America,Michigan,0.6458333333333334
681,1168,More than 1000,1,United States of America,Colorado,United States of America,Colorado,0.6428571428571429
682,1170,More than 1000,1,United States of America,California,United States of America,California,0.7153846153846154
683,1171,More than 1000,1,United States of America,North Carolina,United States of America,North Carolina,0.8571428571428571
684,1174,,1,United States of America,Nebraska,United States of America,Nebraska,0.5
685,1176,More than 1000,1,United States of America,California,United States of America,California,0.7153846153846154
686,1179,26-100,1,United States of America,Georgia,United States of America,Georgia,0.5714285714285714
687,1181,,1,United States of America,California,United States of America,California,0.7153846153846154
688,1182,100-500,1,United States of America,Texas,United States of America,Texas,0.7209302325581395
689,1183,100-500,1,United States of America,Washington,United States of America,Washington,0.6511627906976745
690,1186,More than 1000,1,United States of America,Washington,United States of America,Washington,0.6511627906976745
691,1187,26-100,1,United States of America,Tennessee,United States of America,Tennessee,0.5925925925925926
692,1188,More than 1000,1,United States of America,Minnesota,United States of America,Minnesota,0.5952380952380952
693,1190,,1,United States of America,Vermont,United States of America,Vermont,0.6
694,1192,45102,0,United States of America,North Dakota,United States of America,North Dakota,0.5
695,1193,44931,0,United States of America,California,United States of America,California,0.7153846153846154
696,1194,26-100,1,United States of America,Minnesota,United States of America,Minnesota,0.5952380952380952
697,1195,26-100,1,United States of America,Ohio,United States of America,Ohio,0.52
698,1196,,1,United States of America,Texas,United States of America,Texas,0.7209302325581395
699,1197,45102,1,United States of America,Minnesota,United States of America,Minnesota,0.5952380952380952
700,1199,45102,0,United States of America,Minnesota,United States of America,Minnesota,0.5952380952380952
701,1200,45102,0,United States of America,Oregon,United States of America,Oregon,0.6756756756756757
702,1201,100-500,0,United States of America,California,United States of America,California,0.7153846153846154
703,1203,26-100,1,United States of America,Minnesota,United States of America,Minnesota,0.5952380952380952
704,1205,More than 1000,1,United States of America,Indiana,United States of America,Indiana,0.64
705,1206,100-500,0,United States of America,Massachusetts,United States of America,Massachusetts,0.5217391304347826
706,1207,45102,0,United States of America,Minnesota,United States of America,Minnesota,0.5952380952380952
707,1208,26-100,1,United States of America,New York,United States of America,New York,0.6666666666666666
708,1209,500-1000,1,United States of America,Oregon,United States of America,Pennsylvania,0.6756756756756757
709,1212,26-100,0,United States of America,Florida,United States of America,Illinois,0.5714285714285714
710,1214,26-100,1,United States of America,Minnesota,United States of America,Minnesota,0.5952380952380952
711,1216,,1,United States of America,Maryland,United States of America,Maryland,0.625
712,1217,More than 1000,0,United States of America,New York,United States of America,New York,0.6666666666666666
713,1219,500-1000,1,United States of America,New York,United States of America,New York,0.6666666666666666
714,1220,,1,United States of America,Texas,United States of America,Texas,0.7209302325581395
715,1222,26-100,1,United States of America,California,United States of America,California,0.7153846153846154
716,1225,More than 1000,1,United States of America,North Carolina,United States of America,North Carolina,0.8571428571428571
717,1226,26-100,1,United States of America,Colorado,United States of America,Colorado,0.6428571428571429
718,1227,26-100,1,United States of America,Florida,United States of America,Florida,0.5714285714285714
719,1228,45102,1,United States of America,Oregon,United States of America,Wisconsin,0.6756756756756757
720,1229,26-100,0,United States of America,California,United States of America,California,0.7153846153846154
721,1232,100-500,1,United States of America,Alabama,United States of America,Alabama,0.75
722,1233,26-100,0,United States of America,Tennessee,United States of America,Tennessee,0.5925925925925926
723,1234,100-500,1,United States of America,Texas,United States of America,Texas,0.7209302325581395
724,1235,100-500,1,United States of America,New Mexico,United States of America,New Mexico,0.5
725,1236,100-500,1,United States of America,Wisconsin,United States of America,Wisconsin,0.7692307692307693
726,1237,26-100,1,United States of America,California,United States of America,California,0.7153846153846154
727,1238,26-100,1,United States of America,Maryland,United States of America,Maryland,0.625
728,1239,More than 1000,0,United States of America,Oregon,United States of America,Oregon,0.6756756756756757
729,1242,26-100,0,United States of America,Massachusetts,United States of America,Massachusetts,0.5217391304347826
730,1246,100-500,0,United States of America,Texas,United States of America,Texas,0.7209302325581395
731,1248,,1,United States of America,Oregon,United States of America,Oregon,0.6756756756756757
732,1249,,1,United States of America,Maryland,United States of America,Maryland,0.625
733,1251,More than 1000,1,United States of America,Iowa,United States of America,Iowa,0.8
734,1253,,1,United States of America,Minnesota,United States of America,Minnesota,0.5952380952380952
735,1257,,1,United States of America,Wisconsin,United States of America,Wisconsin,0.7692307692307693
736,1263,,1,United States of America,Ohio,United States of America,Ohio,0.52
737,1264,45102,0,United States of America,Minnesota,United States of America,Minnesota,0.5952380952380952
738,1265,More than 1000,1,United States of America,Ohio,United States of America,Ohio,0.52
739,1266,,1,United States of America,Pennsylvania,United States of America,Pennsylvania,0.7575757575757576
740,1267,100-500,1,United States of America,Minnesota,United States of America,Minnesota,0.5952380952380952
741,1269,More than 1000,0,United States of America,Massachusetts,United States of America,Massachusetts,0.5217391304347826
742,1270,More than 1000,0,United States of America,Utah,United States of America,Utah,0.6666666666666666
743,1271,45102,1,United States of America,California,United States of America,California,0.7153846153846154
744,1272,26-100,1,United States of America,California,United States of America,California,0.7153846153846154
745,1274,More than 1000,1,United States of America,California,United States of America,California,0.7153846153846154
746,1275,100-500,0,United States of America,Colorado,United States of America,Colorado,0.6428571428571429
747,1283,26-100,1,United States of America,North Carolina,United States of America,North Carolina,0.8571428571428571
748,1285,26-100,1,United States of America,Illinois,United States of America,Illinois,0.6964285714285714
749,1286,More than 1000,1,United States of America,Illinois,United States of America,Illinois,0.6964285714285714
750,1287,More than 1000,1,United States of America,Ohio,United States of America,Ohio,0.52
751,1290,45102,0,United States of America,Florida,United States of America,Florida,0.5714285714285714
752,1291,More than 1000,1,United States of America,Michigan,United States of America,California,0.6458333333333334
753,1292,26-100,1,United States of America,Ohio,United States of America,Illinois,0.52
754,1294,,1,United States of America,Wisconsin,United States of America,Wisconsin,0.7692307692307693
755,1295,More than 1000,1,United States of America,Utah,United States of America,Utah,0.6666666666666666
756,1296,44931,0,United States of America,California,United States of America,California,0.7153846153846154
757,1299,100-500,1,United States of America,Texas,United States of America,Texas,0.7209302325581395
758,1303,45102,1,United States of America,Colorado,United States of America,Colorado,0.6428571428571429
759,1304,44931,1,United States of America,Louisiana,United States of America,Louisiana,1.0
760,1306,,0,United States of America,New York,United States of America,New York,0.6666666666666666
761,1307,45102,0,United States of America,New York,United States of America,New York,0.6666666666666666
762,1308,More than 1000,1,United States of America,Tennessee,United States of America,Tennessee,0.5925925925925926
763,1309,More than 1000,1,United States of America,Massachusetts,United States of America,New York,0.5217391304347826
764,1311,More than 1000,0,United States of America,Missouri,United States of America,Missouri,0.4166666666666667
765,1312,500-1000,1,United States of America,California,United States of America,California,0.7153846153846154
766,1313,100-500,1,United States of America,Pennsylvania,United States of America,Pennsylvania,0.7575757575757576
767,1314,,1,United States of America,Connecticut,United States of America,Connecticut,0.8
768,1315,More than 1000,0,United States of America,Ohio,United States of America,Ohio,0.52
769,1316,,1,United States of America,California,United States of America,California,0.7153846153846154
770,1317,44931,1,United States of America,Massachusetts,United States of America,Massachusetts,0.5217391304347826
771,1318,26-100,1,United States of America,Michigan,United States of America,Michigan,0.6458333333333334
772,1319,More than 1000,1,United States of America,Connecticut,United States of America,Connecticut,0.8
773,1320,100-500,0,United States of America,Florida,United States of America,Florida,0.5714285714285714
774,1321,More than 1000,1,United States of America,New York,United States of America,New York,0.6666666666666666
775,1322,,1,United States of America,California,United States of America,California,0.7153846153846154
776,1323,26-100,1,United States of America,Virginia,United States of America,Virginia,0.7333333333333333
777,1324,26-100,1,United States of America,Michigan,United States of America,Michigan,0.6458333333333334
778,1326,100-500,1,United States of America,Missouri,United States of America,Missouri,0.4166666666666667
779,1327,,1,United States of America,Oregon,United States of America,Oregon,0.6756756756756757
780,1328,,1,United States of America,Colorado,United States of America,Colorado,0.6428571428571429
781,1331,26-100,1,United States of America,Pennsylvania,United States of America,Pennsylvania,0.7575757575757576
782,1332,44931,1,United States of America,Pennsylvania,United States of America,Pennsylvania,0.7575757575757576
783,1334,100-500,1,United States of America,Indiana,United States of America,Colorado,0.64
784,1342,More than 1000,1,United States of America,Texas,United States of America,Texas,0.7209302325581395
785,1346,More than 1000,0,United States of America,Massachusetts,United States of America,Massachusetts,0.5217391304347826
786,1347,More than 1000,0,United States of America,Massachusetts,United States of America,Massachusetts,0.5217391304347826
787,1350,45102,1,United States of America,Iowa,United States of America,Iowa,0.8
788,1351,26-100,0,United States of America,Massachusetts,United States of America,Massachusetts,0.5217391304347826
789,1352,45102,1,United States of America,Oregon,United States of America,Oregon,0.6756756756756757
790,1353,26-100,1,United States of America,California,United States of America,California,0.7153846153846154
791,1355,,1,United States of America,Colorado,United States of America,Colorado,0.6428571428571429
792,1358,26-100,0,United States of America,Washington,United States of America,California,0.6511627906976745
793,1359,100-500,1,United States of America,Massachusetts,United States of America,Massachusetts,0.5217391304347826
794,1360,More than 1000,1,United States of America,Virginia,United States of America,Virginia,0.7333333333333333
795,1362,26-100,0,United States of America,Michigan,United States of America,Michigan,0.6458333333333334
796,1363,26-100,1,United States of America,North Carolina,United States of America,North Carolina,0.8571428571428571
797,1364,100-500,0,United States of America,Virginia,United States of America,Virginia,0.7333333333333333
798,1365,,1,United States of America,Washington,United States of America,Washington,0.6511627906976745
799,1367,More than 1000,1,United States of America,Virginia,United States of America,District of Columbia,0.7333333333333333
800,1368,,1,United States of America,Pennsylvania,United States of America,Pennsylvania,0.7575757575757576
801,1369,More than 1000,0,United States of America,Oregon,United States of America,Oregon,0.6756756756756757
802,1371,,1,United States of America,Illinois,United States of America,Illinois,0.6964285714285714
803,1372,500-1000,0,United States of America,Maryland,United States of America,District of Columbia,0.625
804,1373,More than 1000,1,United States of America,Texas,United States of America,Texas,0.7209302325581395
805,1374,100-500,0,United States of America,California,United States of America,California,0.7153846153846154
806,1375,,1,United States of America,Illinois,United States of America,Illinois,0.6964285714285714
807,1376,More than 1000,1,United States of America,California,United States of America,California,0.7153846153846154
808,1377,More than 1000,1,United States of America,Pennsylvania,United States of America,Pennsylvania,0.7575757575757576
809,1380,26-100,1,United States of America,District of Columbia,United States of America,District of Columbia,1.0
810,1381,26-100,1,United States of America,California,United States of America,California,0.7153846153846154
811,1382,More than 1000,0,United States of America,Washington,United States of America,Washington,0.6511627906976745
812,1383,,1,United States of America,California,United States of America,California,0.7153846153846154
813,1385,26-100,1,United States of America,Texas,United States of America,Texas,0.7209302325581395
814,1386,45102,1,United States of America,Missouri,United States of America,Missouri,0.4166666666666667
815,1387,26-100,1,United States of America,Ohio,United States of America,California,0.52
816,1388,100-500,1,United States of America,Nebraska,United States of America,Nebraska,0.5
817,1389,26-100,1,United States of America,California,United States of America,California,0.7153846153846154
818,1392,26-100,0,United States of America,California,United States of America,California,0.7153846153846154
819,1393,44931,1,United States of America,Illinois,United States of America,Illinois,0.6964285714285714
820,1394,More than 1000,1,United States of America,Virginia,United States of America,Virginia,0.7333333333333333
821,1396,44931,1,United States of America,New York,United States of America,New York,0.6666666666666666
822,1398,26-100,1,United States of America,Pennsylvania,United States of America,Pennsylvania,0.7575757575757576
823,1399,More than 1000,1,United States of America,New York,United States of America,New York,0.6666666666666666
824,1400,100-500,1,United States of America,California,United States of America,California,0.7153846153846154
825,1401,45102,1,United States of America,Pennsylvania,United States of America,Pennsylvania,0.7575757575757576
826,1402,More than 1000,0,United States of America,Massachusetts,United States of America,Massachusetts,0.5217391304347826
827,1403,26-100,0,United States of America,Idaho,United States of America,Idaho,0.6666666666666666
828,1412,45102,1,United States of America,New York,United States of America,New York,0.6666666666666666
829,1413,44931,0,United States of America,Colorado,United States of America,Colorado,0.6428571428571429
830,1414,100-500,1,United States of America,Texas,United States of America,Texas,0.7209302325581395
831,1415,500-1000,1,United States of America,New York,United States of America,New York,0.6666666666666666
832,1416,More than 1000,1,United States of America,Wisconsin,United States of America,Wisconsin,0.7692307692307693
833,1417,500-1000,0,United States of America,Arizona,United States of America,Arizona,0.2
834,1420,More than 1000,1,United States of America,Alabama,United States of America,Alabama,0.75
835,1428,500-1000,1,United States of America,Illinois,United States of America,Illinois,0.6964285714285714
836,1429,,1,United States of America,New York,United States of America,New York,0.6666666666666666
837,1430,,0,United States of America,California,Afghanistan,,0.7153846153846154
838,1431,100-500,1,United States of America,Georgia,United States of America,Georgia,0.5714285714285714
839,1432,100-500,0,United States of America,Nebraska,United States of America,Nebraska,0.5
